iteration , Loss , acc , valLoss , valAcc
1 ,2.2259101457977293 ,0.26302 ,2.2114647859201644 ,0.2244
2 ,2.099093868408203 ,0.2673 ,2.457036373333428 ,0.2207
3 ,1.8995728356933594 ,0.3056 ,2.1415651511079585 ,0.263
4 ,1.8764218404006958 ,0.33104 ,1.9283745067949873 ,0.3436
5 ,1.7806639418029786 ,0.37012 ,1.6574544651439775 ,0.4146
