iteration , Loss , acc , valLoss , valAcc
1 ,1.7654575032806397 ,0.35766 ,2.1501273929882356 ,0.3247
2 ,1.440452956237793 ,0.48004 ,2.9253230742372263 ,0.3104
3 ,1.2592736811447143 ,0.5489 ,1.2277224701814378 ,0.6046
