iteration , Loss , acc , valLoss , valAcc
1 ,2.6701150603294375 ,0.10704 ,2.5922529768943785 ,0.101
2 ,2.3610645532608032 ,0.19428 ,2.242766616344452 ,0.2141
3 ,2.147412291765213 ,0.24672 ,2.081186635494232 ,0.2663
4 ,1.9675988032817842 ,0.30854 ,1.923810405731201 ,0.3211
5 ,1.8375269463062287 ,0.36132 ,1.7836877632141113 ,0.3845
