iteration , Loss , acc , valLoss , valAcc
1 ,2.161503627471924 ,0.35174 ,2.2637320688357367 ,0.3037
